created_at,entry_id,field1,field2,field3,field4,latitude,longitude,elevation,status;;;;;;
26/09/2023;22:28:44+00:00;1;22.4;75.3;;
26/09/2023;22:29:03+00:00;2;22.3;75.1;;
26/09/2023;22:29:23+00:00;3;22.3;75.2;;
26/09/2023;22:29:43+00:00;4;22.3;75.1;;
26/09/2023;22:30:02+00:00;5;22.3;75.1;;
26/09/2023;22:30:22+00:00;6;22.3;75.2;;
26/09/2023;22:30:42+00:00;7;22.3;75.4;;
26/09/2023;22:31:01+00:00;8;22.3;75.5;;
26/09/2023;22:32:01+00:00;9;22.3;75.6;;
26/09/2023;22:32:20+00:00;10;22.2;75.6;;
26/09/2023;22:32:40+00:00;11;22.2;75.6;;
26/09/2023;22:33:21+00:00;12;22.2;75.7;;
26/09/2023;22:33:39+00:00;13;22.2;75.8;;
26/09/2023;22:33:59+00:00;14;22.2;75.7;;
26/09/2023;22:34:18+00:00;15;22.3;75.9;;
26/09/2023;22:34:38+00:00;16;22.3;75.8;;
26/09/2023;22:34:58+00:00;17;22.2;75.7;;
26/09/2023;22:35:17+00:00;18;22.2;75.6;;
26/09/2023;22:35:37+00:00;19;22.2;76;;
26/09/2023;22:35:57+00:00;20;22.2;76;;
26/09/2023;22:36:17+00:00;21;22.2;76;;
26/09/2023;22:36:36+00:00;22;22.2;75.9;;
26/09/2023;22:36:56+00:00;23;22.2;76;;
26/09/2023;22:37:16+00:00;24;22.2;76.1;;
26/09/2023;22:37:36+00:00;25;22.2;76.2;;
26/09/2023;22:37:55+00:00;26;22.2;76.2;;
26/09/2023;22:38:15+00:00;27;22.2;76.3;;
26/09/2023;22:38:35+00:00;28;22.3;76.3;;
26/09/2023;22:38:54+00:00;29;22.3;76.3;;
26/09/2023;22:39:14+00:00;30;22.3;76.2;;
26/09/2023;22:39:33+00:00;31;22.3;76;;
26/09/2023;22:39:53+00:00;32;22.3;76.1;;
26/09/2023;22:40:13+00:00;33;22.3;76;;
26/09/2023;22:40:32+00:00;34;22.3;76.4;;
26/09/2023;22:40:52+00:00;35;22.3;76.5;;
26/09/2023;22:41:12+00:00;36;22.3;76.2;;
26/09/2023;22:41:31+00:00;37;22.3;76.3;;
26/09/2023;22:41:51+00:00;38;22.3;76.4;;
26/09/2023;22:42:11+00:00;39;22.2;76.3;;
26/09/2023;22:42:30+00:00;40;22.2;76.3;;
26/09/2023;22:42:50+00:00;41;22.2;76.4;;
26/09/2023;22:43:10+00:00;42;22.2;76.6;;
26/09/2023;22:43:30+00:00;43;22.2;76.7;;
26/09/2023;22:43:49+00:00;44;22.2;76.6;;
26/09/2023;22:44:09+00:00;45;22.1;76.6;;
26/09/2023;22:44:29+00:00;46;22.1;76.6;;
26/09/2023;22:44:49+00:00;47;22.1;76.7;;
26/09/2023;22:45:08+00:00;48;22;76.8;;
26/09/2023;22:45:28+00:00;49;22;76.8;;
26/09/2023;22:45:47+00:00;50;22;76.9;;
26/09/2023;22:46:08+00:00;51;22;77;;
26/09/2023;22:46:27+00:00;52;22;77;;
26/09/2023;22:46:46+00:00;53;22;77;;
26/09/2023;22:47:26+00:00;54;21.9;77;;
26/09/2023;22:47:46+00:00;55;21.9;77.1;;
26/09/2023;22:48:05+00:00;56;21.9;77.3;;
26/09/2023;22:48:25+00:00;57;21.9;77.2;;
26/09/2023;22:49:05+00:00;58;21.9;77.2;;
26/09/2023;22:49:24+00:00;59;21.9;77.1;;
26/09/2023;22:50:04+00:00;60;21.8;77.2;;
26/09/2023;22:50:23+00:00;61;21.8;77.4;;
26/09/2023;22:50:43+00:00;62;21.8;77.3;;
26/09/2023;22:51:02+00:00;63;21.8;77.4;;
26/09/2023;22:51:23+00:00;64;21.8;77.6;;
26/09/2023;22:51:42+00:00;65;21.8;77.5;;
26/09/2023;22:52:01+00:00;66;21.8;77.4;;
26/09/2023;22:52:21+00:00;67;21.7;77.4;;
26/09/2023;22:52:41+00:00;68;21.7;77.3;;
26/09/2023;22:53:01+00:00;69;21.7;77.3;;
26/09/2023;22:53:20+00:00;70;21.7;77.4;;
26/09/2023;22:53:40+00:00;71;21.7;77.5;;
26/09/2023;22:54:00+00:00;72;21.7;77.4;;
26/09/2023;22:54:19+00:00;73;21.7;77.4;;
26/09/2023;22:54:39+00:00;74;21.7;77.4;;
26/09/2023;22:54:58+00:00;75;21.7;77.3;;
26/09/2023;22:55:19+00:00;76;21.7;77.3;;
26/09/2023;22:55:38+00:00;77;21.7;77.5;;
26/09/2023;22:55:57+00:00;78;21.7;77.5;;
26/09/2023;22:56:17+00:00;79;21.7;77.6;;
26/09/2023;22:56:39+00:00;80;21.7;77.7;;
26/09/2023;22:56:57+00:00;81;21.7;78;;
26/09/2023;22:57:36+00:00;82;21.7;77.5;;
26/09/2023;22:57:56+00:00;83;21.8;77.6;;
26/09/2023;22:58:15+00:00;84;21.8;77.5;;
26/09/2023;22:58:35+00:00;85;21.7;77.4;;
26/09/2023;22:58:55+00:00;86;21.7;77.4;;
26/09/2023;22:59:15+00:00;87;21.7;77.6;;
26/09/2023;22:59:34+00:00;88;21.7;77.7;;
26/09/2023;22:59:54+00:00;89;21.7;77.6;;
26/09/2023;23:00:13+00:00;90;21.7;77.5;;
26/09/2023;23:00:34+00:00;91;21.7;77.6;;
26/09/2023;23:00:53+00:00;92;21.6;77.5;;
26/09/2023;23:01:12+00:00;93;21.6;77.5;;
26/09/2023;23:01:32+00:00;94;21.6;77.7;;
26/09/2023;23:01:52+00:00;95;21.6;77.7;;
26/09/2023;23:02:12+00:00;96;21.6;77.6;;
26/09/2023;23:02:31+00:00;97;21.6;77.6;;
26/09/2023;23:02:51+00:00;98;21.6;77.6;;
26/09/2023;23:03:11+00:00;99;21.6;77.7;;
26/09/2023;23:03:30+00:00;100;21.6;77.7;;
26/09/2023;23:03:50+00:00;101;21.6;77.7;;
26/09/2023;23:04:10+00:00;102;21.6;77.8;;
26/09/2023;23:04:30+00:00;103;21.6;77.8;;
26/09/2023;23:04:50+00:00;104;21.6;77.7;;
26/09/2023;23:05:09+00:00;105;21.6;77.7;;
26/09/2023;23:05:29+00:00;106;21.5;77.6;;
26/09/2023;23:05:48+00:00;107;21.6;77.8;;
26/09/2023;23:06:08+00:00;108;21.5;77.6;;
26/09/2023;23:06:28+00:00;109;21.5;77.5;;
26/09/2023;23:06:47+00:00;110;21.5;77.6;;
26/09/2023;23:07:07+00:00;111;21.5;77.5;;
26/09/2023;23:07:27+00:00;112;21.5;77.7;;
26/09/2023;23:07:46+00:00;113;21.5;77.5;;
26/09/2023;23:08:25+00:00;114;21.5;78.5;;
26/09/2023;23:08:46+00:00;115;21.7;81.4;;
26/09/2023;23:09:05+00:00;116;21.7;81.2;;
26/09/2023;23:09:24+00:00;117;21.7;78.8;;
26/09/2023;23:09:44+00:00;118;21.7;83.5;;
26/09/2023;23:10:04+00:00;119;21.7;78.9;;
26/09/2023;23:10:23+00:00;120;21.7;77.6;;
26/09/2023;23:10:43+00:00;121;21.7;77.3;;
26/09/2023;23:11:03+00:00;122;21.7;77.1;;
26/09/2023;23:11:23+00:00;123;21.7;76.9;;
26/09/2023;23:11:42+00:00;124;21.7;76.9;;
26/09/2023;23:12:02+00:00;125;21.7;76.9;;
26/09/2023;23:12:22+00:00;126;21.7;76.9;;
26/09/2023;23:13:01+00:00;127;21.7;76.6;;
26/09/2023;23:13:21+00:00;128;21.7;77.1;;
26/09/2023;23:13:40+00:00;129;21.7;77.2;;
26/09/2023;23:14:01+00:00;130;21.8;77.4;;
26/09/2023;23:14:20+00:00;131;21.7;76.9;;
26/09/2023;23:14:40+00:00;132;21.7;76.4;;
26/09/2023;23:14:59+00:00;133;21.7;76.3;;
26/09/2023;23:15:19+00:00;134;21.7;76.5;;
26/09/2023;23:15:39+00:00;135;21.7;76;;
26/09/2023;23:15:58+00:00;136;21.7;76.3;;
26/09/2023;23:16:18+00:00;137;21.6;76.3;;
26/09/2023;23:16:38+00:00;138;21.6;76.3;;
26/09/2023;23:16:57+00:00;139;21.5;76.2;;
26/09/2023;23:17:37+00:00;140;21.5;76.4;;
26/09/2023;23:17:56+00:00;141;21.5;76.8;;
26/09/2023;23:18:16+00:00;142;21.5;76.8;;
26/09/2023;23:18:36+00:00;143;21.5;76.7;;
26/09/2023;23:18:56+00:00;144;21.5;76.7;;
26/09/2023;23:19:15+00:00;145;21.5;76.8;;
26/09/2023;23:19:35+00:00;146;21.5;76.7;;
26/09/2023;23:19:54+00:00;147;21.5;76.7;;
26/09/2023;23:20:14+00:00;148;21.5;76.5;;
26/09/2023;23:20:34+00:00;149;21.4;76.4;;
26/09/2023;23:20:54+00:00;150;21.4;76.4;;
26/09/2023;23:21:13+00:00;151;21.4;76.5;;
26/09/2023;23:21:33+00:00;152;21.4;76.4;;
26/09/2023;23:21:53+00:00;153;21.4;76.4;;
26/09/2023;23:22:12+00:00;154;21.4;76.3;;
26/09/2023;23:22:34+00:00;155;21.4;76.2;;
26/09/2023;23:22:51+00:00;156;21.3;76.3;;
26/09/2023;23:23:11+00:00;157;21.4;76.4;;
26/09/2023;23:23:31+00:00;158;21.4;78.2;;
26/09/2023;23:24:30+00:00;159;21.5;76.8;;
26/09/2023;23:24:50+00:00;160;21.5;76.4;;
26/09/2023;23:25:09+00:00;161;21.5;76.7;;
26/09/2023;23:25:29+00:00;162;21.5;76.2;;
26/09/2023;23:25:49+00:00;163;21.5;76;;
26/09/2023;23:26:08+00:00;164;21.5;75.9;;
26/09/2023;23:26:28+00:00;165;21.5;75.9;;
26/09/2023;23:26:48+00:00;166;21.5;75.9;;
26/09/2023;23:27:08+00:00;167;21.4;75.6;;
26/09/2023;23:27:27+00:00;168;21.4;75.5;;
26/09/2023;23:27:47+00:00;169;21.4;75.5;;
26/09/2023;23:28:06+00:00;170;21.4;75.5;;
26/09/2023;23:28:27+00:00;171;21.4;75.5;;
26/09/2023;23:28:46+00:00;172;21.4;75.4;;
26/09/2023;23:29:05+00:00;173;21.4;75.4;;
26/09/2023;23:29:25+00:00;174;21.4;75.4;;
26/09/2023;23:29:45+00:00;175;21.4;75.4;;
26/09/2023;23:30:05+00:00;176;21.4;75.3;;
26/09/2023;23:30:24+00:00;177;21.4;75.4;;
26/09/2023;23:30:44+00:00;178;21.4;75.4;;
26/09/2023;23:31:04+00:00;179;21.4;75.4;;
26/09/2023;23:31:23+00:00;180;21.4;75.5;;
26/09/2023;23:31:43+00:00;181;21.4;75.5;;
26/09/2023;23:32:03+00:00;182;21.4;75.4;;
26/09/2023;23:32:23+00:00;183;21.5;75.5;;
26/09/2023;23:32:42+00:00;184;21.5;75.5;;
26/09/2023;23:33:02+00:00;185;21.5;75.6;;
26/09/2023;23:33:21+00:00;186;21.5;76;;
26/09/2023;23:33:42+00:00;187;21.5;76;;
26/09/2023;23:34:01+00:00;188;21.5;76.4;;
26/09/2023;23:34:21+00:00;189;21.5;76.2;;
26/09/2023;23:34:40+00:00;190;21.5;75.7;;
26/09/2023;23:35:00+00:00;191;21.5;75.5;;
26/09/2023;23:35:20+00:00;192;21.5;75.1;;
26/09/2023;23:35:39+00:00;193;21.5;74.9;;
26/09/2023;23:35:59+00:00;194;21.5;74.8;;
26/09/2023;23:36:19+00:00;195;21.5;74.9;;
26/09/2023;23:36:38+00:00;196;21;0;;
26/09/2023;23:37:05+00:00;197;21.5;76.2;;
26/09/2023;23:37:25+00:00;198;21.6;77.3;;
26/09/2023;23:37:44+00:00;199;21.7;77.5;;
26/09/2023;23:38:04+00:00;200;21.7;77.8;;
26/09/2023;23:38:24+00:00;201;21.3;75.2;;
26/09/2023;23:38:43+00:00;202;21;79.2;;
26/09/2023;23:39:03+00:00;203;20.7;77.8;;
26/09/2023;23:39:23+00:00;204;20.6;78.9;;
26/09/2023;23:39:42+00:00;205;20.3;79;;
26/09/2023;23:40:02+00:00;206;20;80;;
26/09/2023;23:40:21+00:00;207;20;81.6;;
26/09/2023;23:40:41+00:00;208;19.6;81.6;;
26/09/2023;23:41:01+00:00;209;19.6;83;;
26/09/2023;23:41:22+00:00;210;19.7;83;;
26/09/2023;23:41:40+00:00;211;19.8;83.2;;
26/09/2023;23:42:00+00:00;212;19.8;82.6;;
26/09/2023;23:42:20+00:00;213;19.7;83;;
26/09/2023;23:43:19+00:00;214;19;85.5;;
26/09/2023;23:43:39+00:00;215;18.9;86.9;;
26/09/2023;23:43:59+00:00;216;18.8;87;;
26/09/2023;23:44:18+00:00;217;18.8;87.5;;
26/09/2023;23:45:01+00:00;218;18.6;88.2;;
26/09/2023;23:48:14+00:00;219;18.8;89.3;;
26/09/2023;23:48:34+00:00;220;18.7;89.2;;
26/09/2023;23:48:53+00:00;221;18.8;88.8;;
26/09/2023;23:49:13+00:00;222;18.4;88.4;;
26/09/2023;23:49:34+00:00;223;18.5;89.1;;
26/09/2023;23:49:53+00:00;224;18.5;89.8;;
26/09/2023;23:53:48+00:00;225;18.6;89.7;;
26/09/2023;23:54:28+00:00;226;18.6;90.3;;
26/09/2023;23:54:48+00:00;227;18.6;90.5;;
26/09/2023;23:55:07+00:00;228;18.7;90.5;;
26/09/2023;23:55:27+00:00;229;18.6;90.2;;
26/09/2023;23:55:47+00:00;230;18.6;90.1;;
26/09/2023;23:56:07+00:00;231;18.5;90.2;;
26/09/2023;23:56:26+00:00;232;18.7;90.6;;
26/09/2023;23:56:46+00:00;233;18.9;90.5;;
26/09/2023;23:57:05+00:00;234;19;90;;
26/09/2023;23:57:25+00:00;235;19.2;88.6;;
26/09/2023;23:57:45+00:00;236;19.3;87.6;;
26/09/2023;23:58:04+00:00;237;19.5;86.9;;
26/09/2023;23:58:24+00:00;238;19.6;86.1;;
26/09/2023;23:58:44+00:00;239;19.7;85.5;;
26/09/2023;23:59:03+00:00;240;19.8;84.8;;
26/09/2023;23:59:23+00:00;241;19.9;84.4;;
26/09/2023;23:59:43+00:00;242;20;83.9;;
27/09/2023;00:00:05+00:00;243;20.1;83.6;;
27/09/2023;00:00:22+00:00;244;20.2;83.4;;
27/09/2023;00:00:42+00:00;245;20.2;83;;
27/09/2023;00:01:02+00:00;246;20.3;82.8;;
27/09/2023;00:01:41+00:00;247;20.3;82.3;;
27/09/2023;00:02:01+00:00;248;20.3;82;;
27/09/2023;00:02:21+00:00;249;20.3;81.8;;
27/09/2023;00:02:40+00:00;250;20.3;81.7;;
27/09/2023;00:03:00+00:00;251;20.4;81.7;;
27/09/2023;00:03:19+00:00;252;20.4;81.6;;
27/09/2023;00:03:39+00:00;253;20.4;81.5;;
27/09/2023;04:36:04+00:00;254;21.3;87.9;;
27/09/2023;04:36:23+00:00;255;21.4;80.8;;
27/09/2023;04:36:43+00:00;256;21.5;78.7;;
27/09/2023;04:37:03+00:00;257;21.4;78.1;;
27/09/2023;04:37:23+00:00;258;21.3;77.9;;
27/09/2023;04:37:42+00:00;259;21.3;78;;
27/09/2023;04:38:02+00:00;260;21.3;78.2;;
27/09/2023;04:38:21+00:00;261;21.2;78.3;;
27/09/2023;04:38:41+00:00;262;21.2;78.5;;
27/09/2023;04:39:01+00:00;263;21.1;78.7;;
27/09/2023;04:39:20+00:00;264;21;78.8;;
27/09/2023;07:07:35+00:00;265;23.2;90;;
27/09/2023;07:07:52+00:00;266;23.2;77.4;;
27/09/2023;07:08:07+00:00;267;23.1;73.3;;
27/09/2023;07:08:27+00:00;268;23.1;74.6;;
27/09/2023;07:08:47+00:00;269;22.9;73.2;;
27/09/2023;07:09:06+00:00;270;22.8;73.1;;
27/09/2023;17:28:34+00:00;271;25.4;62.1;;
27/09/2023;17:33:10+00:00;272;24.1;59.6;;
27/09/2023;17:36:11+00:00;273;2;5;;
27/09/2023;17:36:53+00:00;274;23.8;59.1;;
27/09/2023;17:37:13+00:00;275;23.8;60.4;;
27/09/2023;17:37:32+00:00;276;24;60.7;;
27/09/2023;17:37:52+00:00;277;24.1;60.4;;
27/09/2023;17:38:13+00:00;278;24.2;60.2;;
27/09/2023;17:38:31+00:00;279;24.3;60;;
27/09/2023;17:38:52+00:00;280;24.3;59.8;;
27/09/2023;17:39:12+00:00;281;24.3;59.7;;
27/09/2023;17:39:31+00:00;282;24;59.5;;
27/09/2023;17:39:51+00:00;283;24.1;59.9;;
27/09/2023;17:40:12+00:00;284;24.3;59.9;;
27/09/2023;17:40:30+00:00;285;24.5;59.7;;
27/09/2023;17:40:49+00:00;286;24.4;59.4;;
27/09/2023;17:41:10+00:00;287;24.6;59.3;;
27/09/2023;17:41:29+00:00;288;24.5;58.9;;
27/09/2023;17:41:48+00:00;289;24.4;58.8;;
27/09/2023;17:42:09+00:00;290;24.1;58.8;;
27/09/2023;17:42:28+00:00;291;23.8;59.2;;
27/09/2023;17:42:47+00:00;292;23.7;59.7;;
27/09/2023;17:43:09+00:00;293;23.6;60.3;;
27/09/2023;17:43:27+00:00;294;23.6;60.5;;
27/09/2023;17:43:46+00:00;295;23.6;60.5;;
27/09/2023;17:44:07+00:00;296;23.7;60.7;;
27/09/2023;17:44:26+00:00;297;23.6;60.6;;
27/09/2023;17:44:46+00:00;298;23.6;60.7;;
27/09/2023;17:45:06+00:00;299;23.6;60.9;;
27/09/2023;17:45:26+00:00;300;23.9;61;;
27/09/2023;17:45:44+00:00;301;24;60.8;;
27/09/2023;17:46:05+00:00;302;24;60.8;;
27/09/2023;17:47:04+00:00;303;24.3;60.1;;
27/09/2023;17:47:23+00:00;304;24.3;59.8;;
27/09/2023;17:47:43+00:00;305;24.4;59.6;;
27/09/2023;17:48:03+00:00;306;24.5;59.4;;
27/09/2023;17:48:22+00:00;307;24.5;59.2;;
27/09/2023;17:48:43+00:00;308;24.4;59.1;;
27/09/2023;17:49:01+00:00;309;24.2;59.1;;
27/09/2023;17:49:22+00:00;310;24.2;59.4;;
27/09/2023;17:49:41+00:00;311;24.2;59.6;;
27/09/2023;17:50:00+00:00;312;24.1;59.4;;
27/09/2023;17:50:21+00:00;313;24.1;59.6;;
27/09/2023;17:50:41+00:00;314;24.2;59.8;;
27/09/2023;17:51:00+00:00;315;24.2;59.5;;
27/09/2023;17:51:20+00:00;316;24.3;59.6;;
27/09/2023;17:51:40+00:00;317;24.5;59.6;;
27/09/2023;17:51:59+00:00;318;26.3;59.5;;
27/09/2023;17:52:19+00:00;319;26.4;57.6;;
27/09/2023;17:52:38+00:00;320;25.2;56.4;;
27/09/2023;17:52:57+00:00;321;26.5;56.4;;
27/09/2023;17:53:17+00:00;322;27.1;55.3;;
27/09/2023;17:53:38+00:00;323;27.5;55;;
27/09/2023;17:53:57+00:00;324;28;53.8;;
27/09/2023;17:54:16+00:00;325;27.7;53.1;;
27/09/2023;17:54:36+00:00;326;28.2;53.1;;
27/09/2023;17:54:56+00:00;327;28.9;52.6;;
27/09/2023;17:55:17+00:00;328;29.7;52.8;;
27/09/2023;17:55:35+00:00;329;30.4;51.9;;
27/09/2023;17:55:55+00:00;330;30.5;50.7;;
27/09/2023;17:56:15+00:00;331;30.2;49.7;;
27/09/2023;17:56:35+00:00;332;30.8;48.3;;
27/09/2023;17:56:54+00:00;333;32;47.8;;
27/09/2023;17:57:14+00:00;334;31.2;46.5;;
27/09/2023;17:57:33+00:00;335;29.7;46;;
27/09/2023;17:57:53+00:00;336;28.3;47.3;;
27/09/2023;17:58:14+00:00;337;27.8;49.2;;
27/09/2023;17:58:32+00:00;338;27.6;50.5;;
27/09/2023;17:58:52+00:00;339;27.7;51.7;;
27/09/2023;17:59:12+00:00;340;28.3;51.9;;
27/09/2023;17:59:31+00:00;341;28.5;51.4;;
27/09/2023;17:59:51+00:00;342;28.7;51.2;;
27/09/2023;18:00:11+00:00;343;29.3;51.1;;
27/09/2023;18:00:31+00:00;344;30.7;50.5;;
27/09/2023;18:00:50+00:00;345;31.2;49.1;;
27/09/2023;18:01:11+00:00;346;30.8;48;;
27/09/2023;18:01:30+00:00;347;30.2;47.3;;
27/09/2023;18:01:50+00:00;348;29.6;47.4;;
27/09/2023;18:02:09+00:00;349;29.3;48.1;;
27/09/2023;18:02:28+00:00;350;28.8;48.7;;
27/09/2023;18:02:48+00:00;351;28.7;49.2;;
27/09/2023;18:03:09+00:00;352;28.6;49.7;;
27/09/2023;18:03:28+00:00;353;28.4;50.3;;
27/09/2023;18:03:47+00:00;354;28;50.4;;
27/09/2023;18:04:07+00:00;355;27.3;51;;
27/09/2023;18:04:27+00:00;356;27.1;51.5;;
27/09/2023;18:04:47+00:00;357;26.6;52.2;;
27/09/2023;18:05:06+00:00;358;25.9;53.3;;
27/09/2023;18:05:27+00:00;359;25.7;54.5;;
27/09/2023;18:05:45+00:00;360;25.3;55.1;;
27/09/2023;18:06:05+00:00;361;25.3;56.1;;
27/09/2023;18:06:25+00:00;362;25;56.2;;
27/09/2023;18:06:44+00:00;363;24.8;56.8;;
27/09/2023;18:07:04+00:00;364;24.7;57.3;;
27/09/2023;18:07:25+00:00;365;24.7;57.5;;
27/09/2023;18:07:43+00:00;366;24.6;57.7;;
27/09/2023;18:08:03+00:00;367;24.5;57.9;;
27/09/2023;18:08:23+00:00;368;24.5;58.3;;
27/09/2023;18:08:44+00:00;369;24.5;58.2;;
27/09/2023;18:09:03+00:00;370;24.4;58.1;;
27/09/2023;18:09:22+00:00;371;24.4;58.2;;
27/09/2023;18:09:42+00:00;372;24.3;58.2;;
27/09/2023;18:10:01+00:00;373;24.3;58.2;;
27/09/2023;18:10:21+00:00;374;24.3;58.2;;
27/09/2023;18:10:42+00:00;375;24.4;58.3;;
27/09/2023;18:11:00+00:00;376;24.4;58.3;;
27/09/2023;18:11:20+00:00;377;24.3;58.2;;
27/09/2023;18:11:40+00:00;378;24.3;58.4;;
27/09/2023;18:11:59+00:00;379;24.3;58.4;;
27/09/2023;18:12:19+00:00;380;24.3;58.4;;
27/09/2023;18:12:39+00:00;381;24.3;58.4;;
27/09/2023;18:12:59+00:00;382;24.3;58.5;;
27/09/2023;18:13:18+00:00;383;24.3;58.4;;
27/09/2023;18:13:38+00:00;384;24.3;58.4;;
27/09/2023;18:13:57+00:00;385;24.3;58.5;;
27/09/2023;18:14:17+00:00;386;24.3;58.6;;
27/09/2023;18:14:37+00:00;387;24.3;58.5;;
27/09/2023;18:14:56+00:00;388;24.3;58.5;;
27/09/2023;18:15:16+00:00;389;24.3;58.5;;
27/09/2023;18:15:36+00:00;390;24.4;58.5;;
27/09/2023;18:15:56+00:00;391;24.4;58.3;;
27/09/2023;18:16:15+00:00;392;24.4;58.2;;
27/09/2023;18:16:35+00:00;393;24.4;58.3;;
27/09/2023;18:16:55+00:00;394;24.4;58.3;;
27/09/2023;18:17:15+00:00;395;24.4;58.2;;
27/09/2023;18:17:34+00:00;396;24.4;58.2;;
27/09/2023;18:17:53+00:00;397;24.5;58.3;;
27/09/2023;18:18:14+00:00;398;24.4;58.2;;
27/09/2023;18:18:34+00:00;399;24.5;58.2;;
27/09/2023;18:18:52+00:00;400;24.6;58.3;;
27/09/2023;18:19:12+00:00;401;24.7;58.2;;
27/09/2023;18:19:33+00:00;402;24.7;58;;
27/09/2023;18:19:52+00:00;403;24.7;57.8;;
27/09/2023;18:20:12+00:00;404;24.7;57.7;;
27/09/2023;18:20:31+00:00;405;24.7;57.6;;
27/09/2023;18:20:51+00:00;406;24.7;57.5;;
27/09/2023;18:21:11+00:00;407;24.7;57.6;;
27/09/2023;18:21:30+00:00;408;24.6;57.6;;
27/09/2023;18:21:50+00:00;409;24.6;57.7;;
27/09/2023;18:22:09+00:00;410;24.6;57.8;;
27/09/2023;18:22:29+00:00;411;24.5;57.8;;
27/09/2023;18:22:49+00:00;412;24.5;57.9;;
27/09/2023;18:23:09+00:00;413;24.5;58;;
27/09/2023;18:23:28+00:00;414;24.5;58.1;;
27/09/2023;18:23:49+00:00;415;24.4;58.1;;
27/09/2023;18:24:08+00:00;416;24.4;58.1;;
27/09/2023;18:24:27+00:00;417;24.4;58.2;;
27/09/2023;18:24:48+00:00;418;24.4;58.2;;
27/09/2023;18:25:08+00:00;419;24.4;58.3;;
27/09/2023;18:25:26+00:00;420;24.4;58.3;;
27/09/2023;18:25:46+00:00;421;24.4;58.3;;
27/09/2023;18:26:06+00:00;422;24.4;58.3;;
27/09/2023;18:26:25+00:00;423;24.4;58.3;;
27/09/2023;18:26:45+00:00;424;24.3;58.3;;
27/09/2023;18:27:06+00:00;425;24.3;58.4;;
27/09/2023;18:27:24+00:00;426;24.3;58.5;;
27/09/2023;18:27:44+00:00;427;24.3;58.5;;
27/09/2023;18:28:05+00:00;428;24.3;58.6;;
27/09/2023;18:28:23+00:00;429;24.3;58.6;;
27/09/2023;18:28:43+00:00;430;24.3;58.7;;
27/09/2023;18:29:03+00:00;431;24.3;58.7;;
27/09/2023;18:29:23+00:00;432;24.3;58.7;;
27/09/2023;18:29:42+00:00;433;24.3;58.7;;
27/09/2023;18:30:03+00:00;434;24.3;58.8;;
27/09/2023;18:30:22+00:00;435;24.3;58.9;;
27/09/2023;18:30:41+00:00;436;24.3;58.9;;
27/09/2023;18:31:01+00:00;437;24.2;58.7;;
27/09/2023;18:31:22+00:00;438;24.2;58.7;;
27/09/2023;18:31:40+00:00;439;24.2;58.8;;
27/09/2023;18:32:00+00:00;440;24.2;58.8;;
27/09/2023;18:32:21+00:00;441;24.1;58.8;;
27/09/2023;18:32:39+00:00;442;24.1;58.9;;
27/09/2023;18:32:59+00:00;443;24.1;58.9;;
27/09/2023;18:33:19+00:00;444;24.1;59;;
27/09/2023;18:33:38+00:00;445;24;58.9;;
27/09/2023;18:33:58+00:00;446;24.1;59.1;;
27/09/2023;18:34:19+00:00;447;24;59.1;;
27/09/2023;18:34:37+00:00;448;24;59.2;;
27/09/2023;18:34:57+00:00;449;24;59.3;;
27/09/2023;18:35:18+00:00;450;24;59.3;;
27/09/2023;18:35:37+00:00;451;24;59.4;;
27/09/2023;18:35:56+00:00;452;24;59.4;;
27/09/2023;18:36:16+00:00;453;24;59.4;;
27/09/2023;18:36:36+00:00;454;24;59.4;;
27/09/2023;18:36:56+00:00;455;24;59.5;;
27/09/2023;18:37:16+00:00;456;24;59.5;;
27/09/2023;18:37:35+00:00;457;24;59.5;;
27/09/2023;18:37:54+00:00;458;24;59.6;;
27/09/2023;18:38:16+00:00;459;24.1;59.7;;
27/09/2023;18:38:34+00:00;460;24.1;59.7;;
27/09/2023;18:38:53+00:00;461;24.1;59.7;;
27/09/2023;18:39:14+00:00;462;24.1;59.7;;
27/09/2023;18:39:33+00:00;463;24;59.5;;
27/09/2023;18:39:52+00:00;464;24;59.8;;
27/09/2023;18:40:13+00:00;465;24;59.6;;
27/09/2023;18:40:32+00:00;466;24;59.5;;
27/09/2023;18:40:51+00:00;467;24.2;59.5;;
27/09/2023;18:41:11+00:00;468;24.8;59.3;;
27/09/2023;18:41:32+00:00;469;24.9;58.8;;
27/09/2023;18:41:50+00:00;470;25.2;60.8;;
27/09/2023;18:42:10+00:00;471;25.7;58.6;;
27/09/2023;18:42:31+00:00;472;26.1;53.6;;
27/09/2023;18:42:49+00:00;473;26.3;51.8;;
27/09/2023;18:43:09+00:00;474;26.6;49;;
27/09/2023;18:43:30+00:00;475;26.8;47.5;;
27/09/2023;18:43:50+00:00;476;26.9;47.6;;
27/09/2023;18:44:08+00:00;477;27;47.2;;
27/09/2023;18:44:29+00:00;478;27.1;46.1;;
27/09/2023;18:44:48+00:00;479;27.1;45.2;;
27/09/2023;18:45:08+00:00;480;27.2;44.8;;
27/09/2023;18:45:28+00:00;481;27.2;44.2;;
27/09/2023;18:45:47+00:00;482;27.2;43.7;;
27/09/2023;18:46:06+00:00;483;27.2;42.7;;
27/09/2023;18:46:27+00:00;484;27;42.3;;
27/09/2023;18:46:46+00:00;485;26.8;41.6;;
27/09/2023;18:47:06+00:00;486;26.6;41.2;;
27/09/2023;18:47:26+00:00;487;26.5;41.1;;
27/09/2023;18:47:45+00:00;488;26.4;41.4;;
27/09/2023;18:48:04+00:00;489;26.2;41.8;;
27/09/2023;18:48:24+00:00;490;26.1;42.2;;
27/09/2023;18:48:44+00:00;491;26;43.7;;
27/09/2023;18:49:05+00:00;492;26;44;;
27/09/2023;18:49:24+00:00;493;25.9;44.1;;
27/09/2023;18:49:43+00:00;494;25.9;44.4;;
27/09/2023;18:50:23+00:00;495;25;0;;
27/09/2023;18:51:02+00:00;496;25.9;45.3;;
27/09/2023;18:51:22+00:00;497;25.9;45.4;;
27/09/2023;18:51:42+00:00;498;25.9;44.4;;
27/09/2023;18:55:18+00:00;499;27.4;40.3;;
27/09/2023;18:57:36+00:00;500;25;55.1;;
27/09/2023;18:58:16+00:00;501;24;0;;
27/09/2023;18:58:55+00:00;502;24.3;57.8;;
27/09/2023;19:01:52+00:00;503;23;0;;
27/09/2023;19:05:48+00:00;504;24.5;5;;
27/09/2023;19:06:47+00:00;505;23;0;;
27/09/2023;19:07:46+00:00;506;24.5;58.9;;
27/09/2023;19:08:06+00:00;507;24.2;58.4;;
27/09/2023;19:09:25+00:00;508;24.2;5;;
27/09/2023;19:09:44+00:00;509;24;59.1;;
27/09/2023;19:10:05+00:00;510;23.9;59.2;;
27/09/2023;19:10:23+00:00;511;23.9;59.3;;
27/09/2023;19:11:03+00:00;512;23.8;59.3;;
27/09/2023;19:11:22+00:00;513;23.7;59.3;;
27/09/2023;19:11:42+00:00;514;23.6;59.9;;
27/09/2023;19:12:02+00:00;515;23.8;60;;
27/09/2023;19:12:21+00:00;516;24;59.9;;
27/09/2023;19:12:41+00:00;517;24.1;59.9;;
27/09/2023;19:13:01+00:00;518;24.1;59.4;;
27/09/2023;19:13:20+00:00;519;24.1;59.4;;
27/09/2023;19:13:40+00:00;520;24.1;59.6;;
27/09/2023;19:14:00+00:00;521;23.9;59.4;;
27/09/2023;19:14:19+00:00;522;23.9;59.5;;
27/09/2023;19:14:39+00:00;523;23.9;59.7;;
27/09/2023;19:15:19+00:00;524;23.8;59.7;;
27/09/2023;19:15:38+00:00;525;23.6;60.2;;
27/09/2023;19:15:58+00:00;526;23.6;60.5;;
27/09/2023;19:16:18+00:00;527;23.6;60.4;;
27/09/2023;19:16:37+00:00;528;23.7;61.1;;
27/09/2023;19:16:57+00:00;529;23.9;60.8;;
27/09/2023;19:17:17+00:00;530;23;0;;
27/09/2023;19:17:36+00:00;531;24;60.1;;
27/09/2023;19:18:16+00:00;532;24;59.9;;
27/09/2023;19:21:14+00:00;533;24;0;;
27/09/2023;19:21:32+00:00;534;24.2;58.4;;
27/09/2023;19:22:13+00:00;535;23.8;5;;
27/09/2023;19:22:32+00:00;536;24;58.8;;
27/09/2023;19:22:52+00:00;537;23.7;58.8;;
27/09/2023;19:26:28+00:00;538;26.1;57.2;;
27/09/2023;19:27:47+00:00;539;2;59.8;;
27/09/2023;19:30:44+00:00;540;26.6;54.6;;
27/09/2023;19:31:23+00:00;541;26;0;;
27/09/2023;19:31:43+00:00;542;26.4;55.5;;
27/09/2023;19:32:23+00:00;543;26;0;;
27/09/2023;19:32:42+00:00;544;26;55.9;;
27/09/2023;19:34:01+00:00;545;25;0;;
27/09/2023;19:34:40+00:00;546;25;0;;
27/09/2023;19:35:20+00:00;547;25;0;;
27/09/2023;19:35:59+00:00;548;25.8;5;;
5/10/2023;19:59:30+00:00;549;22;71.1;RSSI -33;13
5/10/2023;19:59:50+00:00;550;22;71.1;RSSI -32;13
5/10/2023;20:00:09+00:00;551;22;71;RSSI -35;13
5/10/2023;20:00:29+00:00;552;22;71;RSSI -32;13
5/10/2023;20:00:49+00:00;553;22;71;RSSI -33;13
5/10/2023;20:01:08+00:00;554;22;71;RSSI -33;13
5/10/2023;20:01:28+00:00;555;21.9;72.9;RSSI -33;13
5/10/2023;20:01:48+00:00;556;21.9;72.8;RSSI -33;13
5/10/2023;20:02:07+00:00;557;21.9;72.8;RSSI -33;13
5/10/2023;20:02:27+00:00;558;21.9;72.8;RSSI -33;13
5/10/2023;20:02:47+00:00;559;21.9;72.7;RSSI -32;13
5/10/2023;20:03:07+00:00;560;21.9;72.7;RSSI -33;13
5/10/2023;20:03:28+00:00;561;21.9;72.7;RSSI -48;13
5/10/2023;20:03:46+00:00;562;21.9;72.7;RSSI -49;13
5/10/2023;20:04:05+00:00;563;21.9;7;RSSI -51;13
5/10/2023;20:04:45+00:00;564;21.9;72.6;RSSI -53;13
5/10/2023;20:05:04+00:00;565;21.9;72.6;RSSI -52;13
5/10/2023;20:05:24+00:00;566;21.9;72.5;RSSI -51;13
5/10/2023;20:05:44+00:00;567;21.9;72.5;RSSI -50;13
5/10/2023;20:06:04+00:00;568;21.9;72.5;RSSI -51;13
5/10/2023;20:06:23+00:00;569;21.9;72.5;RSSI -50;13
5/10/2023;20:06:43+00:00;570;21.8;72.4;RSSI -48;13
5/10/2023;20:07:03+00:00;571;21.8;72.3;RSSI -49;13
5/10/2023;20:07:23+00:00;572;21.8;72.3;RSSI -50;13
5/10/2023;20:07:42+00:00;573;21.8;72.2;RSSI -49;13
5/10/2023;20:08:02+00:00;574;21.8;72.3;RSSI -63;13
5/10/2023;20:08:21+00:00;575;21.8;72.2;RSSI -53;13
5/10/2023;20:08:42+00:00;576;21.8;72.2;RSSI -53;13
5/10/2023;20:09:01+00:00;577;21.8;72.2;RSSI -51;13
5/10/2023;20:09:20+00:00;578;21.8;72.2;RSSI -51;13
5/10/2023;20:09:40+00:00;579;21.8;72.2;RSSI -52;13
5/10/2023;20:10:00+00:00;580;21.8;72.2;RSSI -24;13
5/10/2023;20:10:19+00:00;581;21.8;72;RSSI -16;13
5/10/2023;20:10:39+00:00;582;21.8;72.9;RSSI -16;13
5/10/2023;22:14:59+00:00;583;22.3;72.4;RSSI -29;13
5/10/2023;22:15:18+00:00;584;22.3;72.4;RSSI -30;13
5/10/2023;22:15:38+00:00;585;22.3;72.4;RSSI -29;13
5/10/2023;22:15:58+00:00;586;22.3;72.4;RSSI -33;13
5/10/2023;22:16:18+00:00;587;22.3;72.4;RSSI -49;13
5/10/2023;22:16:37+00:00;588;22.3;72.4;RSSI -49;13
5/10/2023;22:16:57+00:00;589;22.3;72.4;RSSI -50;13
5/10/2023;22:17:16+00:00;590;22.3;72.4;RSSI -50;13
5/10/2023;22:17:36+00:00;591;22.3;72.4;RSSI -47;13
5/10/2023;22:17:56+00:00;592;22.3;72.4;RSSI -55;13
5/10/2023;22:18:15+00:00;593;22.3;72.4;RSSI -50;13
5/10/2023;22:18:35+00:00;594;22.3;72.4;RSSI -49;13
5/10/2023;22:19:15+00:00;595;22.3;72.4;-48;13
5/10/2023;22:19:34+00:00;596;22.3;72.4;-50;13
5/10/2023;22:19:54+00:00;597;22.3;72.4;-49;13
5/10/2023;22:20:13+00:00;598;22.3;72.4;-34;13
5/10/2023;22:20:33+00:00;599;22.3;72.4;-36;13
5/10/2023;22:20:53+00:00;600;22.3;72.4;-36;13
5/10/2023;22:21:12+00:00;601;22.3;72.4;-47;13
5/10/2023;22:21:32+00:00;602;22.3;72.4;-47;13
5/10/2023;22:21:52+00:00;603;22.3;72.4;-36;13
5/10/2023;22:22:11+00:00;604;22.3;72.4;-50;13
5/10/2023;22:22:31+00:00;605;22.3;72.4;-52;13
5/10/2023;22:22:51+00:00;606;22.3;72.4;-53;13
5/10/2023;22:23:11+00:00;607;22.3;72.4;-54;13
5/10/2023;22:23:30+00:00;608;22.3;72.4;-53;13
5/10/2023;22:23:50+00:00;609;22.3;72.4;-55;13
5/10/2023;22:24:09+00:00;610;22.3;72.4;-34;13
5/10/2023;22:24:29+00:00;611;25.5;25.5;-31;13
5/10/2023;22:24:49+00:00;612;22.3;72.4;-33;13
5/10/2023;22:25:08+00:00;613;22.3;72.4;-32;13
5/10/2023;22:25:28+00:00;614;22.3;72.4;-50;13
5/10/2023;22:25:48+00:00;615;22.3;72.3;-35;13
5/10/2023;22:36:29+00:00;616;22.2;72.5;-33;13
5/10/2023;22:37:03+00:00;617;22.2;72.5;-49;13
5/10/2023;22:37:38+00:00;618;22.2;72.4;-49;13
5/10/2023;22:38:12+00:00;619;22.2;72.4;-49;13
5/10/2023;22:38:47+00:00;620;22.2;72.4;-49;13
5/10/2023;22:39:22+00:00;621;22.2;72.4;-49;13
5/10/2023;22:39:57+00:00;622;22.2;72.4;-36;13
5/10/2023;22:40:31+00:00;623;22.2;72.4;-48;13
5/10/2023;22:41:06+00:00;624;22.2;72.4;-48;13
5/10/2023;22:41:41+00:00;625;22.2;72.3;-50;13
5/10/2023;22:42:15+00:00;626;22.2;72.4;-55;13
5/10/2023;22:42:50+00:00;627;22.2;72.3;-51;13
5/10/2023;22:43:24+00:00;628;22.2;72.3;-52;13
5/10/2023;22:43:59+00:00;629;22.2;72.3;-52;13
5/10/2023;22:44:33+00:00;630;22.2;72.2;-53;13
5/10/2023;22:45:08+00:00;631;22.2;72.2;-52;13
5/10/2023;22:45:42+00:00;632;22.2;72.2;-52;13
5/10/2023;22:46:18+00:00;633;22.2;72.2;-53;13
5/10/2023;22:46:52+00:00;634;22.2;72.2;-52;13
6/10/2023;00:50:25+00:00;635;21.5;73.8;-35;13
6/10/2023;00:50:59+00:00;636;21.5;73.8;-48;13
6/10/2023;00:51:34+00:00;637;21.5;73.8;-59;13
6/10/2023;00:56:27+00:00;638;21.1;73.3;-35;13
6/10/2023;00:57:01+00:00;639;21.3;73.3;-49;13
6/10/2023;00:57:36+00:00;640;21.3;73.3;-35;13
6/10/2023;00:58:10+00:00;641;21.4;73.4;-53;13
6/10/2023;00:58:45+00:00;642;21.4;73.4;-50;13
6/10/2023;00:59:19+00:00;643;21.4;73.4;-51;13
6/10/2023;00:59:55+00:00;644;21.4;73.5;-50;13
6/10/2023;01:12:07+00:00;645;21;73;-30;13
6/10/2023;18:34:55+00:00;646;23.1;69.1;-50;13
6/10/2023;18:35:29+00:00;647;23.5;69.3;-30;13
6/10/2023;18:36:04+00:00;648;23.8;69.4;-31;13
6/10/2023;18:36:38+00:00;649;24.2;68.6;-29;13
6/10/2023;18:37:13+00:00;650;24.6;66.1;-35;13
6/10/2023;18:37:47+00:00;651;24.8;66.5;-49;13
6/10/2023;18:38:22+00:00;652;25.1;65.1;-48;13
6/10/2023;18:38:57+00:00;653;25.3;65.7;-48;13
6/10/2023;18:39:31+00:00;654;25.5;64.2;-34;13
6/10/2023;18:40:06+00:00;655;25.6;63.2;-36;13
6/10/2023;18:40:40+00:00;656;25.7;63.9;-47;13
6/10/2023;18:41:15+00:00;657;25.8;62.7;-35;13
6/10/2023;18:41:50+00:00;658;25.9;61.2;-48;13
6/10/2023;18:42:25+00:00;659;26;61.4;-30;13
6/10/2023;18:42:58+00:00;660;26.1;61.5;-30;13
6/10/2023;18:43:34+00:00;661;26.1;60.7;-31;13
6/10/2023;18:44:08+00:00;662;26.1;59;-31;13
6/10/2023;18:44:43+00:00;663;26.1;60.7;-30;13
6/10/2023;18:45:18+00:00;664;26.1;60.6;-31;13
6/10/2023;18:45:52+00:00;665;26.1;60.7;-32;13
6/10/2023;18:46:28+00:00;666;26.2;60.9;-31;13
6/10/2023;18:47:01+00:00;667;26.2;59;-30;13
6/10/2023;18:47:36+00:00;668;26.2;59.1;-30;13
6/10/2023;18:48:10+00:00;669;26.3;59.3;-31;13
6/10/2023;18:48:45+00:00;670;26.3;59.4;-30;13
6/10/2023;18:49:19+00:00;671;26.3;59.4;-31;13
6/10/2023;18:49:54+00:00;672;26.3;59.5;-31;13
6/10/2023;18:50:29+00:00;673;26.4;59.5;-31;13
6/10/2023;18:51:04+00:00;674;26.4;59.5;-31;13
6/10/2023;18:51:38+00:00;675;26.4;59.8;-31;13
6/10/2023;18:52:13+00:00;676;26.4;59.8;-32;13
6/10/2023;18:52:47+00:00;677;26.4;59.7;-37;13
6/10/2023;18:53:22+00:00;678;26.4;58;-50;13
6/10/2023;18:53:56+00:00;679;26.4;58;-36;13
6/10/2023;18:54:31+00:00;680;26.4;58.1;-35;13
6/10/2023;18:55:06+00:00;681;26.4;58.1;-49;13
6/10/2023;18:55:41+00:00;682;26.4;58;-36;13
6/10/2023;18:56:16+00:00;683;26.4;58.1;-49;13
6/10/2023;18:56:49+00:00;684;26.4;58.3;-50;13
6/10/2023;18:57:24+00:00;685;26.4;58.4;-50;13
6/10/2023;18:57:59+00:00;686;26.4;58.3;-48;13
6/10/2023;18:58:33+00:00;687;26.4;58.3;-48;13
6/10/2023;18:59:08+00:00;688;26.4;58.4;-35;13
6/10/2023;18:59:43+00:00;689;26.4;58.4;-35;13
6/10/2023;19:00:18+00:00;690;26.5;58.7;-48;13
6/10/2023;19:00:52+00:00;691;26.5;58.7;-35;13
6/10/2023;19:01:26+00:00;692;26.5;58.7;-36;13
6/10/2023;19:02:02+00:00;693;26.5;58.7;-35;13
6/10/2023;19:02:35+00:00;694;26.5;58.8;-35;13
6/10/2023;19:03:10+00:00;695;26.5;58.7;-35;13
6/10/2023;19:03:44+00:00;696;26.6;58.9;-36;13
6/10/2023;19:04:20+00:00;697;26.6;58.9;-48;13
6/10/2023;19:04:55+00:00;698;26.6;58.7;-50;13
6/10/2023;19:05:28+00:00;699;26.7;58.6;-50;13
6/10/2023;19:06:05+00:00;700;26.7;58.7;-49;13
6/10/2023;19:06:38+00:00;701;26.9;59.7;-64;13
6/10/2023;19:07:13+00:00;702;27.4;62.6;-50;13
7/11/2023;17:52:57+00:00;703;22.5;63.4;-67;13
7/11/2023;17:54:04+00:00;704;24;59.4;-67;13
7/11/2023;17:54:38+00:00;705;24.6;57.4;-67;13
7/11/2023;17:55:13+00:00;706;25.1;57.7;-77;13
7/11/2023;17:56:24+00:00;707;26.5;55.2;-70;13
7/11/2023;17:56:45+00:00;708;26.9;54.2;-70;13
7/11/2023;17:57:06+00:00;709;27.4;53.5;-74;13
7/11/2023;17:57:44+00:00;710;28.1;51.1;-87;13
7/11/2023;17:58:19+00:00;711;28.5;50.2;-90;13
7/11/2023;17:58:53+00:00;712;28.7;50.7;-78;13
7/11/2023;17:59:28+00:00;713;28.8;49.1;-76;13
7/11/2023;18:00:03+00:00;714;28.8;49;-85;13
7/11/2023;18:00:38+00:00;715;29.2;48.6;-81;13
7/11/2023;18:01:12+00:00;716;29;48.3;-75;13
7/11/2023;18:01:47+00:00;717;29.1;50.6;-78;13
7/11/2023;18:02:47+00:00;718;28.8;44.5;-105;13
7/11/2023;18:03:22+00:00;719;28.5;41.2;-93;13
7/11/2023;18:04:01+00:00;720;27.8;38.6;-100;13
7/11/2023;18:04:35+00:00;721;27.5;37.3;-111;13
7/11/2023;18:04:57+00:00;722;27.1;37.7;-113;13
7/11/2023;18:06:42+00:00;723;26.4;36.6;-112;13
7/11/2023;18:26:33+00:00;724;27.2;50.1;-112;13
7/11/2023;18:27:42+00:00;725;27.2;50.2;-117;13
7/11/2023;18:28:16+00:00;726;27.2;50.1;-110;13
7/11/2023;18:28:52+00:00;727;27.1;50;-113;13
7/11/2023;18:29:26+00:00;728;27;50;-115;13
7/11/2023;18:30:01+00:00;729;27;51.9;-112;13
7/11/2023;18:30:35+00:00;730;27.2;50;-112;13
7/11/2023;18:31:09+00:00;731;26.8;51.4;-111;13
7/11/2023;18:31:44+00:00;732;26.7;51.3;-115;13
7/11/2023;18:32:18+00:00;733;26.7;51.3;-113;13
7/11/2023;18:33:28+00:00;734;26.6;51.2;-115;13
7/11/2023;18:34:03+00:00;735;26.6;51;-113;13
7/11/2023;18:34:37+00:00;736;26.6;51;-112;13
7/11/2023;18:35:12+00:00;737;26.6;51;-114;13
7/11/2023;18:35:47+00:00;738;26.5;52.9;-110;13
7/11/2023;18:36:21+00:00;739;26.5;52.9;-115;13
7/11/2023;18:36:56+00:00;740;26.5;51;-115;13
7/11/2023;18:38:05+00:00;741;26.5;52.9;-106;13
7/11/2023;18:38:40+00:00;742;26.5;52.9;-115;13
7/11/2023;18:39:14+00:00;743;26.5;52.8;-112;13
7/11/2023;18:40:24+00:00;744;26.5;52.8;-110;13
7/11/2023;18:40:57+00:00;745;26.5;52;-112;13
7/11/2023;18:41:33+00:00;746;26.5;52.7;-109;13
7/11/2023;18:42:08+00:00;747;26.5;52.7;-107;13
7/11/2023;18:42:41+00:00;748;26.5;52.7;-111;13
7/11/2023;18:43:17+00:00;749;26.5;52.7;-114;13
7/11/2023;18:43:52+00:00;750;26.5;52.7;-115;13
7/11/2023;18:44:25+00:00;751;26.5;52.7;-114;13
7/11/2023;18:45:00+00:00;752;26.4;52;-108;13
7/11/2023;18:45:34+00:00;753;26.5;52.7;-116;13
7/11/2023;18:52:31+00:00;754;27.9;49.1;-116;13
7/11/2023;18:53:05+00:00;755;29;48.6;-113;13
7/11/2023;18:53:30+00:00;756;29;0;-114;13
7/11/2023;18:57:47+00:00;757;29;0;-115;13
7/11/2023;18:58:43+00:00;758;29.4;63.5;-117;13
7/11/2023;19:00:27+00:00;759;29.3;50;-108;13
7/11/2023;19:06:09+00:00;760;29;0;-105;13
7/11/2023;19:13:12+00:00;761;28.5;53.2;-102;13
7/11/2023;19:13:44+00:00;762;28.9;5;-104;13
7/11/2023;19:17:47+00:00;763;27;0;-110;13
7/11/2023;19:20:04+00:00;764;28.7;50.2;-112;13
7/11/2023;19:20:45+00:00;765;29;50.5;-114;13
7/11/2023;19:23:06+00:00;766;28.4;50.2;-108;13
7/11/2023;19:24:15+00:00;767;28;0;-112;13
7/11/2023;19:27:24+00:00;768;28.9;50.8;-108;13
7/11/2023;19:27:58+00:00;769;29;49.4;-116;13
7/11/2023;19:28:34+00:00;770;28;0;-113;13
7/11/2023;19:29:07+00:00;771;28.8;47;-108;13
7/11/2023;19:30:17+00:00;772;28.6;49.7;-112;13
7/11/2023;19:30:51+00:00;773;28;0;-109;13
7/11/2023;19:32:35+00:00;774;29;49.2;-112;13
7/11/2023;19:33:09+00:00;775;28.8;48.3;-117;13
7/11/2023;19:33:44+00:00;776;28.7;48.4;-112;13
7/11/2023;19:35:28+00:00;777;28;0;-109;13
7/11/2023;19:36:02+00:00;778;28.4;48.3;-117;13
7/11/2023;19:36:38+00:00;779;28.3;4;-115;13
7/11/2023;19:37:12+00:00;780;28.2;48.3;-112;13
7/11/2023;19:37:47+00:00;781;28;4;-106;13
7/11/2023;19:39:31+00:00;782;27.8;49.5;-112;13
7/11/2023;19:40:05+00:00;783;27.8;49.6;-114;13
7/11/2023;19:41:14+00:00;784;28;0;-112;13
7/11/2023;19:42:24+00:00;785;28.4;51.6;-119;13
7/11/2023;19:42:58+00:00;786;28.7;5;-110;13
7/11/2023;19:43:34+00:00;787;29;50.6;-117;13
7/11/2023;19:44:07+00:00;788;29;48.6;-113;13
7/11/2023;19:44:42+00:00;789;28.9;48.7;-111;13
7/11/2023;19:45:17+00:00;790;28.7;47.2;-116;13
7/11/2023;19:45:51+00:00;791;28.4;48.6;-112;13
7/11/2023;19:46:26+00:00;792;28.2;48.6;-116;13
7/11/2023;19:47:00+00:00;793;27.9;4;-113;13
7/11/2023;19:47:36+00:00;794;27.9;49.5;-115;13
7/11/2023;19:48:09+00:00;795;28;49.3;-113;13
7/11/2023;19:48:45+00:00;796;28.1;49.6;-115;13
7/11/2023;19:49:19+00:00;797;28.5;0;-110;13
7/11/2023;19:49:54+00:00;798;28.4;4;-109;13
7/11/2023;19:50:28+00:00;799;28.5;49.2;-110;13
7/11/2023;19:51:02+00:00;800;28.7;48.2;-113;13
7/11/2023;19:51:37+00:00;801;28.6;48.6;-112;13
7/11/2023;19:52:47+00:00;802;28.2;47;-111;13
7/11/2023;19:53:21+00:00;803;28;0;-110;13
7/11/2023;19:54:31+00:00;804;28.5;51.2;-111;13
7/11/2023;19:55:40+00:00;805;28.8;0;-105;13
7/11/2023;19:56:14+00:00;806;29;51.2;-107;13
7/11/2023;19:56:49+00:00;807;29.1;50.2;-112;13
7/11/2023;19:57:23+00:00;808;29.2;50.5;-114;13
7/11/2023;19:59:07+00:00;809;29.7;50.7;-112;13
7/11/2023;19:59:42+00:00;810;29.5;47.4;-117;13
7/11/2023;20:02:36+00:00;811;28.5;49.6;-111;13
7/11/2023;20:04:19+00:00;812;0;0;-105;13
7/11/2023;20:04:54+00:00;813;28.7;48.7;-117;13
7/11/2023;20:05:28+00:00;814;28.6;4;-109;13
7/11/2023;20:06:38+00:00;815;28.3;48;-112;13
7/11/2023;20:07:11+00:00;816;28.4;50.5;-111;13
7/11/2023;20:07:46+00:00;817;28.5;49.1;-111;13
7/11/2023;20:08:21+00:00;818;28.3;48.3;-116;13
7/11/2023;20:09:30+00:00;819;28;49.2;-109;13
7/11/2023;20:10:05+00:00;820;28.1;50.3;-113;13
7/11/2023;20:10:40+00:00;821;28.3;50.1;-117;13
7/11/2023;20:11:14+00:00;822;28.4;49.3;-107;13
7/11/2023;20:13:33+00:00;823;29.3;51.5;-114;13
7/11/2023;20:14:09+00:00;824;29.5;52.3;-115;13
7/11/2023;20:14:41+00:00;825;29.6;50.7;-108;13
7/11/2023;20:15:17+00:00;826;29.5;48.3;-116;13
7/11/2023;20:16:26+00:00;827;29.2;48.54;-112;13
7/11/2023;20:18:10+00:00;828;28.7;48.6;-110;13
7/11/2023;20:18:45+00:00;829;28.7;48.3;-115;13
7/11/2023;20:19:54+00:00;830;28.8;48.3;-105;13
7/11/2023;20:21:37+00:00;831;28.4;4;-111;13
7/11/2023;20:23:22+00:00;832;28.1;49.2;-109;13
7/11/2023;20:25:40+00:00;833;27.6;49;-106;13
7/11/2023;20:26:14+00:00;834;27.5;4;-112;13
7/11/2023;20:27:58+00:00;835;27.7;52.2;-112;13
7/11/2023;20:29:07+00:00;836;28.3;52.4;-114;13
7/11/2023;20:29:41+00:00;837;28.6;51.8;-118;13
7/11/2023;20:30:17+00:00;838;28.8;51.6;-116;13
7/11/2023;20:30:51+00:00;839;0;0;-106;13
7/11/2023;20:31:26+00:00;840;28.8;48.3;-111;13
7/11/2023;20:32:00+00:00;841;28.2;48.8;-111;13
7/11/2023;20:33:10+00:00;842;27;0;-106;13
7/11/2023;20:34:19+00:00;843;27.4;49.1;-107;13
7/11/2023;20:34:54+00:00;844;27.5;50;-104;13
7/11/2023;20:37:12+00:00;845;27.8;50.9;-111;13
7/11/2023;20:38:56+00:00;846;28.1;50.7;-113;13
7/11/2023;20:39:31+00:00;847;28.2;50.7;-114;13
7/11/2023;20:40:06+00:00;848;28.4;51;-113;13
7/11/2023;20:40:40+00:00;849;28.5;48.6;-118;13
7/11/2023;20:41:14+00:00;850;28;0;-111;13
7/11/2023;20:41:49+00:00;851;28.2;49.1;-114;13
7/11/2023;20:42:23+00:00;852;27.9;4;-108;13
7/11/2023;20:42:58+00:00;853;27.8;49.1;-115;13
7/11/2023;20:43:32+00:00;854;27;0;-111;13
7/11/2023;20:44:08+00:00;855;27.7;49.4;-116;13
7/11/2023;20:45:17+00:00;856;27.7;49.4;-111;13
7/11/2023;20:45:51+00:00;857;27.6;49.1;-117;13
7/11/2023;20:47:35+00:00;858;27.8;49.7;-112;13
7/11/2023;20:48:09+00:00;859;27.7;50.8;-115;13
7/11/2023;20:48:44+00:00;860;27.6;49.5;-115;13
7/11/2023;20:49:19+00:00;861;27.4;49;-108;13
7/11/2023;20:49:54+00:00;862;27.2;50.9;-114;13
7/11/2023;20:50:27+00:00;863;27;50.4;-117;13
7/11/2023;20:51:03+00:00;864;26.8;50.1;-113;13
7/11/2023;20:51:38+00:00;865;26.7;50.1;-111;13
7/11/2023;20:52:46+00:00;866;26.6;50.2;-115;13
7/11/2023;20:53:21+00:00;867;26.6;50;-112;13
7/11/2023;20:53:55+00:00;868;26;61.2;-111;13
7/11/2023;20:54:31+00:00;869;26;0;-108;13
7/11/2023;20:56:14+00:00;870;27.2;51.8;-113;13
7/11/2023;20:56:48+00:00;871;27.4;51.5;-118;13
7/11/2023;20:57:58+00:00;872;27.5;50.6;-114;13
7/11/2023;20:58:31+00:00;873;27.6;51.6;-118;13
7/11/2023;20:59:42+00:00;874;27.8;50.1;-118;13
7/11/2023;21:00:17+00:00;875;27.9;50.2;-109;13
7/11/2023;21:01:25+00:00;876;28.1;50.2;-111;13
7/11/2023;21:02:00+00:00;877;28;0;-112;13
7/11/2023;21:03:10+00:00;878;27.5;49.3;-113;13
7/11/2023;21:05:28+00:00;879;27.6;49.6;-109;13
7/11/2023;21:06:37+00:00;880;27.9;5;-112;13
7/11/2023;21:07:11+00:00;881;28.1;52.7;-115;13
7/11/2023;21:07:46+00:00;882;28.3;51.1;-114;13
7/11/2023;21:08:20+00:00;883;28.3;50.2;-113;13
7/11/2023;21:08:55+00:00;884;28.1;49.5;-115;13
7/11/2023;21:09:30+00:00;885;28.1;49;-118;13
7/11/2023;21:10:04+00:00;886;28.1;50.1;-114;13
7/11/2023;21:11:14+00:00;887;28;50.9;-116;13
7/11/2023;21:11:49+00:00;888;28;50.5;-116;13
7/11/2023;21:12:23+00:00;889;28;50.2;-114;13
7/11/2023;21:12:57+00:00;890;28;51.7;-114;13
7/11/2023;21:13:33+00:00;891;28.2;52.1;-114;13
7/11/2023;21:14:07+00:00;892;28.3;52.3;-111;13
7/11/2023;21:14:43+00:00;893;28.4;49.2;-113;13
7/11/2023;21:15:15+00:00;894;28.2;48.7;-117;13
7/11/2023;21:15:51+00:00;895;28;48.1;-117;13
7/11/2023;21:16:25+00:00;896;27.8;49.6;-117;13
7/11/2023;21:17:00+00:00;897;27.5;49.7;-114;13
7/11/2023;21:17:34+00:00;898;27.4;49.2;-118;13
7/11/2023;21:18:09+00:00;899;27.3;50.6;-120;13
7/11/2023;21:18:44+00:00;900;27.4;51.2;-115;13
7/11/2023;21:19:18+00:00;901;27.5;51.6;-116;13
7/11/2023;21:19:54+00:00;902;27.7;51.5;-109;13
7/11/2023;21:20:28+00:00;903;27.8;52.5;-115;13
7/11/2023;21:21:02+00:00;904;27.8;49.2;-112;13
7/11/2023;21:21:37+00:00;905;27.5;49.4;-115;13
7/11/2023;21:22:12+00:00;906;27.2;49.1;-115;13
7/11/2023;21:22:45+00:00;907;26.9;50.7;-111;13
7/11/2023;21:23:21+00:00;908;26.7;50.1;-114;13
7/11/2023;21:23:55+00:00;909;26.7;51.3;-110;13
7/11/2023;21:24:30+00:00;910;26.8;50.4;-113;13
7/11/2023;21:25:04+00:00;911;27;0;-109;13
7/11/2023;21:26:48+00:00;912;26.7;50.3;-110;13
7/11/2023;21:27:58+00:00;913;0;0;-107;13
7/11/2023;21:28:32+00:00;914;27.1;51.6;-113;13
7/11/2023;21:29:06+00:00;915;27.3;53.2;-117;13
7/11/2023;21:29:41+00:00;916;27.5;51.23;-107;13
7/11/2023;21:30:17+00:00;917;27.3;50.3;-117;13
7/11/2023;21:30:51+00:00;918;27;50.8;-116;13
7/11/2023;21:31:24+00:00;919;26.7;50.4;-115;13
7/11/2023;21:32:00+00:00;920;26.5;51.5;-114;13
7/11/2023;21:32:35+00:00;921;26.6;51.6;-115;13
7/11/2023;21:33:08+00:00;922;26.7;51.2;-112;13
7/11/2023;21:33:43+00:00;923;26.7;52.5;-113;13
7/11/2023;21:35:29+00:00;924;27.1;50.6;-113;13
7/11/2023;21:36:01+00:00;925;26.9;50.2;-116;13
7/11/2023;21:36:38+00:00;926;26.9;50.7;-115;13
7/11/2023;21:37:11+00:00;927;26.9;5;-108;13
7/11/2023;21:38:56+00:00;928;27;0;-106;13
7/11/2023;21:44:07+00:00;929;26.4;50;-109;13
7/11/2023;21:44:41+00:00;930;26.3;51;-116;13
7/11/2023;21:45:16+00:00;931;26.4;52.5;-112;13
7/11/2023;21:46:25+00:00;932;26.7;53.3;-109;13
7/11/2023;21:47:00+00:00;933;26.9;54.6;-111;13
7/11/2023;21:47:33+00:00;934;27;0;-108;13
7/11/2023;21:48:10+00:00;935;27.4;55.1;-112;13
7/11/2023;21:48:43+00:00;936;27.6;53.8;-116;13
7/11/2023;21:49:18+00:00;937;27.7;52.2;-115;13
7/11/2023;21:49:53+00:00;938;27.8;51.7;-111;13
7/11/2023;21:50:26+00:00;939;27.5;50.7;-116;13
7/11/2023;21:51:02+00:00;940;27.3;50;-115;13
7/11/2023;21:51:36+00:00;941;27.3;51;-114;13
7/11/2023;21:53:21+00:00;942;27.2;51.6;-112;13
7/11/2023;21:53:55+00:00;943;27.1;51.2;-106;13
7/11/2023;21:55:39+00:00;944;27.3;0;-107;13
7/11/2023;21:57:57+00:00;945;26;0;-110;13
7/11/2023;22:00:16+00:00;946;27.1;54.4;-115;13
7/11/2023;22:00:50+00:00;947;27.4;55.3;-113;13
7/11/2023;22:01:26+00:00;948;27.6;57.3;-114;13
7/11/2023;22:02:35+00:00;949;28;0;-106;13
7/11/2023;22:03:09+00:00;950;27.9;51.4;-109;13
7/11/2023;22:04:18+00:00;951;27.8;51.5;-109;13
7/11/2023;22:04:53+00:00;952;27.6;51.7;-111;13
7/11/2023;22:05:27+00:00;953;27.5;51;-111;13
7/11/2023;22:06:36+00:00;954;27.5;52;-111;13
7/11/2023;22:08:55+00:00;955;27.9;53;-110;13
7/11/2023;22:09:29+00:00;956;27.9;5;-110;13
7/11/2023;22:11:48+00:00;957;27;0;-110;13
7/11/2023;22:12:23+00:00;958;27.3;4;-115;13
7/11/2023;22:12:57+00:00;959;27.2;51.2;-110;13
7/11/2023;22:14:06+00:00;960;27.3;52.4;-110;13
7/11/2023;22:15:16+00:00;961;27.4;53.2;-115;13
7/11/2023;22:15:50+00:00;962;27.5;53;-113;13
7/11/2023;22:16:24+00:00;963;27.3;55.1;-110;13
7/11/2023;22:16:59+00:00;964;27.6;53.6;-115;13
7/11/2023;22:17:34+00:00;965;27;54.9;-113;13
7/11/2023;22:18:08+00:00;966;27.7;5;-111;13
7/11/2023;22:18:43+00:00;967;27.5;50.3;-111;13
7/11/2023;22:19:18+00:00;968;27.3;50.5;-112;13
7/11/2023;22:19:52+00:00;969;27.2;52.8;-114;13
7/11/2023;22:20:27+00:00;970;27.2;52.5;-110;13
7/11/2023;22:21:01+00:00;971;27.3;53.8;-113;13
7/11/2023;22:21:36+00:00;972;27.4;53.6;-112;13
7/11/2023;22:22:11+00:00;973;27.4;53.5;-112;13
7/11/2023;22:26:48+00:00;974;27;13.3;-107;13
7/11/2023;22:27:22+00:00;975;27;0;-106;13
7/11/2023;22:28:32+00:00;976;0;0;-106;13
7/11/2023;22:29:05+00:00;977;27.6;54.2;-112;13
7/11/2023;22:30:50+00:00;978;27.8;55.7;-113;13
7/11/2023;22:31:59+00:00;979;27.9;56.2;-113;13
7/11/2023;22:32:33+00:00;980;28;55.2;-117;13
7/11/2023;22:33:08+00:00;981;28.1;54.1;-110;13
7/11/2023;22:33:43+00:00;982;28.2;55.2;-116;13
7/11/2023;22:34:18+00:00;983;28.1;51;-116;13
7/11/2023;22:34:52+00:00;984;27.8;50.2;-116;13
7/11/2023;22:35:27+00:00;985;27.5;50.2;-115;13
7/11/2023;22:36:01+00:00;986;27.3;50.3;-116;13
7/11/2023;22:36:36+00:00;987;27;50.7;-115;13
7/11/2023;22:37:11+00:00;988;26.6;51.8;-115;13
7/11/2023;22:37:45+00:00;989;26;3;-108;13
7/11/2023;22:38:20+00:00;990;26.3;51;-115;13
7/11/2023;22:38:55+00:00;991;26.2;52.4;-111;13
7/11/2023;22:40:04+00:00;992;26.3;54.8;-115;13
7/11/2023;22:40:38+00:00;993;26.4;54.9;-112;13
7/11/2023;22:41:13+00:00;994;26.3;53.8;-111;13
7/11/2023;22:41:47+00:00;995;26.2;52.4;-107;13
7/11/2023;22:42:22+00:00;996;26.1;53.6;-115;13
7/11/2023;22:42:56+00:00;997;26.1;54.1;-114;13
7/11/2023;22:43:32+00:00;998;26.3;56.8;-112;13
7/11/2023;22:44:05+00:00;999;26.4;56.3;-112;13
7/11/2023;22:44:41+00:00;1000;26.6;55.4;-115;13
7/11/2023;22:45:15+00:00;1001;26.7;54;-117;13
7/11/2023;22:45:50+00:00;1002;26.8;55.8;-113;13
7/11/2023;22:46:24+00:00;1003;26.9;53;-111;13
7/11/2023;22:47:33+00:00;1004;27;54.9;-115;13
7/11/2023;22:48:08+00:00;1005;0;0;-105;13
7/11/2023;22:48:43+00:00;1006;27.1;55.2;-115;13
7/11/2023;22:49:17+00:00;1007;27.1;55.3;-114;13
7/11/2023;22:49:52+00:00;1008;27.2;55.2;-119;13
7/11/2023;22:50:27+00:00;1009;27.3;54.4;-115;13
7/11/2023;22:51:01+00:00;1010;27.3;55.8;-113;13
10/11/2023;15:41:33+00:00;1011;28.9;51.3;-112;13
10/11/2023;15:42:04+00:00;1012;25.5;25.5;-112;13
10/11/2023;15:42:36+00:00;1013;28.8;49.7;-116;13
10/11/2023;15:43:18+00:00;1014;28.6;50.2;-113;13
10/11/2023;15:44:14+00:00;1015;25.5;25.5;-112;13
10/11/2023;19:49:42+00:00;1016;29;0;-107;13
10/11/2023;20:13:01+00:00;1017;28.1;0;-112;13
10/11/2023;20:13:36+00:00;1018;28;0;-115;13
12/11/2023;11:47:54+00:00;1019;26.7;72.8;-113;13
12/11/2023;11:48:29+00:00;1020;26.9;71.2;-117;13
12/11/2023;11:49:03+00:00;1021;27;71.5;-117;13
12/11/2023;11:49:38+00:00;1022;27;71.6;-118;13
12/11/2023;11:50:13+00:00;1023;27;7;-113;13
12/11/2023;11:50:47+00:00;1024;27;71.6;-114;13
12/11/2023;11:51:22+00:00;1025;27.1;71;-111;13
12/11/2023;11:52:31+00:00;1026;27.1;71.8;-115;13
12/11/2023;11:53:06+00:00;1027;27.2;71.5;-115;13
12/11/2023;11:53:40+00:00;1028;27;0;-112;13
12/11/2023;11:54:15+00:00;1029;27.4;72.7;-117;13
12/11/2023;11:54:50+00:00;1030;27.4;71.2;-117;13
12/11/2023;11:55:24+00:00;1031;27.5;71.4;-119;13
12/11/2023;11:55:59+00:00;1032;27.5;71.4;-117;13
12/11/2023;11:56:33+00:00;1033;27.5;71.6;-116;13
12/11/2023;11:57:08+00:00;1034;27.5;71.8;-118;13
12/11/2023;11:57:43+00:00;1035;27.5;70.8;-113;13
12/11/2023;11:58:17+00:00;1036;27.4;69.4;-117;13
12/11/2023;11:58:52+00:00;1037;27.4;69.5;-118;13
12/11/2023;11:59:26+00:00;1038;27.3;69.8;-118;13
12/11/2023;12:00:01+00:00;1039;27.2;69.4;-116;13
12/11/2023;12:00:35+00:00;1040;27.2;70.6;-111;13
12/11/2023;12:01:45+00:00;1041;27.3;70.3;-115;13
12/11/2023;12:02:54+00:00;1042;27.2;68.2;-119;13
12/11/2023;12:03:28+00:00;1043;27.1;68.6;-118;13
12/11/2023;12:04:03+00:00;1044;27;68.5;-118;13
12/11/2023;12:04:38+00:00;1045;27;69.5;-118;13
12/11/2023;12:05:13+00:00;1046;27;70.8;-116;13
12/11/2023;12:05:46+00:00;1047;27.1;70.9;-116;13
12/11/2023;12:06:56+00:00;1048;57.2;69.3;-112;13
12/11/2023;12:07:31+00:00;1049;27.2;69.8;-118;13
12/11/2023;12:08:05+00:00;1050;27.3;70.7;-118;13
12/11/2023;12:08:40+00:00;1051;27.5;71.4;-117;13
12/11/2023;12:09:15+00:00;1052;27.5;71.8;-118;13
12/11/2023;12:09:48+00:00;1053;27.6;71.8;-118;13
12/11/2023;12:10:24+00:00;1054;27.7;71.6;-114;13
12/11/2023;12:10:58+00:00;1055;27.8;70.4;-115;13
12/11/2023;12:11:33+00:00;1056;27.8;6;-116;13
12/11/2023;12:12:08+00:00;1057;27.8;69;-115;13
12/11/2023;12:13:17+00:00;1058;27.8;69;-112;13
12/11/2023;12:13:51+00:00;1059;27.8;69.1;-116;13
12/11/2023;12:14:26+00:00;1060;27.8;69.8;-116;13
12/11/2023;12:15:01+00:00;1061;27.8;68.2;-115;13
12/11/2023;12:15:35+00:00;1062;27.7;68.8;-111;13
12/11/2023;12:16:10+00:00;1063;27.7;67.6;-117;13
12/11/2023;12:16:45+00:00;1064;27.7;68.6;-117;13
12/11/2023;12:17:19+00:00;1065;27.7;69.8;-118;13
12/11/2023;12:17:54+00:00;1066;27.8;69.4;-115;13
12/11/2023;12:18:29+00:00;1067;27.8;68.3;-118;13
12/11/2023;12:19:38+00:00;1068;27.8;67.2;-116;13
12/11/2023;12:20:12+00:00;1069;27.8;67.4;-119;13
12/11/2023;12:20:46+00:00;1070;27.7;67.3;-117;13
12/11/2023;12:21:22+00:00;1071;27.7;67.3;-118;13
12/11/2023;12:21:55+00:00;1072;27.7;67.7;-112;13
12/11/2023;12:22:31+00:00;1073;27;0;-112;13
12/11/2023;12:23:05+00:00;1074;27.6;66.4;-118;13
12/11/2023;12:23:40+00:00;1075;27.5;65;-114;13
12/11/2023;12:24:01+00:00;1076;27.4;65.4;-117;13
12/11/2023;12:24:16+00:00;1077;27.4;6;-110;13
12/11/2023;12:24:37+00:00;1078;25.5;25.5;-113;13
